{"initial_reset_timestamp": 1619562105.4293325, "timestamps": [1619562111.9992614], "episode_lengths": [12], "episode_rewards": [9.222108498601932], "episode_types": ["t"]}